Name ,Address ,City ,Country ,pin
Farrah ,P.O. Box 951, 3962 Nulla. Ave ,Vienna ,Vienna ,9089
Kirk ,P.O. Box 997, 4499 Phasellus Av. ,Laren ,Noord Holland ,6088
Burton ,460-7268 Ultricies St. ,Oyo ,OY ,4841
Nomlanga ,9482 Consectetuer Rd. ,Berlin ,Berlin ,5073
Hanae ,328-4327 Dis Rd. ,Bismil ,Diyarbakır ,1691
Xyla ,357-6904 Aliquam Avenue ,Tejar ,C ,3833
Brett ,Ap #320-6958 Felis Road ,Ruette ,Luxemburg ,2491
Dalton ,570-393 Lectus, St. ,Sabadell ,CA ,8005
Edward ,420-7702 Arcu St. ,Tczew ,PM ,9301
Jennifer ,821-9269 Euismod St. ,Lourdes ,Manitoba ,2946
Ashton ,154-7314 Pede Street ,Knoxville ,Tennessee ,5531
Octavia ,Ap #943-6037 Luctus Avenue ,A Coruña ,Galicia ,9265
Olga ,P.O. Box 808, 1446 Ut Avenue ,Diadema ,São Paulo ,3426
Valentine ,8400 Mauris Road ,Huelva ,AN ,7863
Hasad ,P.O. Box 344, 8197 Nunc Rd. ,Dutse ,JI ,9274
Elton ,397-143 Neque Road ,Sint-Joost-ten-Node ,Brussels Hoofdstedelijk Gewest ,7566
Cruz ,724-7736 Tristique St. ,Naperville ,Illinois ,5305
Wynne ,P.O. Box 536, 8703 Lacus. St. ,Istanbul ,Ist ,7678
Palmer ,Ap #821-506 Vestibulum St. ,Mjölby ,Östergötlands län ,3590
Kermit ,P.O. Box 968, 9514 Facilisis. Road ,Göteborg ,Västra Götalands län ,8177
Ignatius ,114-6671 Ac Street ,Jaboatão dos Guararapes ,PE ,8792
Alec ,P.O. Box 329, 6610 Eget Av. ,Tire ,İzm ,9225
Yasir ,5041 Nostra, Rd. ,Arsiè ,VEN ,9045
Rhoda ,8708 Erat Ave ,Almería ,Andalucía ,4585
Levi ,P.O. Box 325, 5292 Mi St. ,Béziers ,Languedoc-Roussillon ,7121
Emi ,715-216 Ligula. St. ,Vienna ,Vienna ,3774
Calvin ,Ap #581-8555 Justo Ave ,Söderhamn ,X ,9173
Sonia ,135-4145 Mauris. St. ,Sabadell ,CA ,7101
Xanthus ,9263 Odio Road ,Castor ,AB ,4013
Gail ,176-9963 Pellentesque St. ,Belfast ,Ulster ,2045
Micah ,6757 Nunc. Road ,Heerlen ,Limburg ,8809
Grady ,Ap #844-2948 Tincidunt Av. ,Hamburg ,HH ,4005
Sydnee ,P.O. Box 780, 7101 Massa Av. ,Mottola ,Puglia ,5562
Rina ,452-9048 Vestibulum Road ,Oevel ,Antwerpen ,2342
Jacob ,5515 Tincidunt Av. ,Canino ,LAZ ,5377
Channing ,5222 Libero. Rd. ,Bismil ,Diy ,1682
Jamal ,Ap #590-4754 Mollis Avenue ,Lachine ,QC ,5774
Cullen ,Ap #832-3589 Augue Av. ,Newcastle ,New South Wales ,9004
Curran ,P.O. Box 519, 4581 Integer Rd. ,Cork ,M ,1188
Neil ,P.O. Box 203, 9808 Ullamcorper Rd. ,Ciudad Real ,CM ,5106
Megan ,8719 Molestie Road ,Siedlce ,Mazowieckie ,7684
Burton ,P.O. Box 181, 994 Egestas. Ave ,Hartford ,CT ,3260
Adam ,240-8404 Ipsum Rd. ,Hamme ,OV ,4608
Jescie ,341-4057 Egestas Road ,Hekelgem ,VB ,6895
Evan ,P.O. Box 879, 994 Magna. Street ,Plymouth ,DE ,6654
Alyssa ,Ap #567-434 Dui Rd. ,Poznań ,Wielkopolskie ,5874
Hayden ,Ap #210-7034 Amet St. ,Saint-Sébastien-sur-Loire ,PA ,8188
Darrel ,3132 Mauris Rd. ,Cobourg ,Ontario ,1727
Nolan ,269-5270 Purus. Rd. ,Katihar ,BR ,8028
Orlando ,Ap #188-6573 Sociis Avenue ,Otukpo ,Benue ,8790
Montana ,P.O. Box 392, 3519 Quam. St. ,Värnamo ,Jönköpings län ,7249
Nero ,7653 Lorem Rd. ,Ellesmere Port ,CH ,6269
Odette ,Ap #519-1171 Et Av. ,Getafe ,MA ,8106
Malcolm ,854-2145 Eu Rd. ,Grey County ,ON ,3276
Maia ,Ap #251-9803 Eget, St. ,Saint-Denis ,IL ,4334
Norman ,Ap #568-2883 Ut Ave ,Juazeiro ,Bahia ,9986
Yvette ,P.O. Box 776, 3022 Luctus Rd. ,New Radnor ,RA ,4199
Laura ,263-5708 Curabitur St. ,Owensboro ,Kentucky ,3310
Germaine ,P.O. Box 258, 1149 Nullam Rd. ,Waitakere ,North Island ,7760
Zephania ,Ap #758-576 Mus. Rd. ,Berlin ,BE ,1393
Dean ,9305 Vel, Avenue ,Alcobendas ,Madrid ,7938
Edward ,Ap #744-3855 Sed, Rd. ,Vienna ,Vienna ,1316
Jaquelyn ,673-8371 Magna. Rd. ,Niort ,Poitou-Charentes ,1774
Travis ,P.O. Box 185, 9292 Faucibus Avenue ,Gravelbourg ,SK ,8952
Dalton ,1886 Nisi St. ,Matamata ,NI ,9868
Gavin ,P.O. Box 488, 2061 Scelerisque Road ,Feltre ,Veneto ,4533
Chantale ,1988 Libero. Rd. ,Belfast ,U ,7001
Wing ,Ap #560-6537 Dapibus Street ,Victor Harbor ,South Australia ,2453
Alden ,9690 Diam Rd. ,Laakirchen ,Upper Austria ,3747
Ray ,695-431 Auctor Rd. ,Thalassery ,Kerala ,4908
Shaine ,6525 Lorem Road ,Biggleswade ,BD ,7934
Kenneth ,P.O. Box 856, 1039 Mi Rd. ,Port Alice ,British Columbia ,7993
Gloria ,P.O. Box 283, 9535 Interdum. Rd. ,Hastings ,SS ,3083
Elijah ,969-2673 Sem. Road ,Wisbech ,CA ,9398
Kerry ,1149 Sed, Rd. ,Beausejour ,Manitoba ,6480
Keaton ,9814 Commodo Road ,Istanbul ,Istanbul ,9969
Jeanette ,P.O. Box 200, 6549 Elit, Rd. ,Berlin ,Berlin ,3432
Noel ,124-7898 Sed St. ,Vigo ,Galicia ,6411
Emerald ,P.O. Box 108, 7732 Ut, St. ,Joué-lès-Tours ,CE ,9265
Channing ,P.O. Box 391, 8961 Phasellus Avenue ,La Seyne-sur-Mer ,PR ,4515
Kylie ,955-6914 Eros Street ,Radicofani ,TOS ,8463
Prescott ,987-9810 Eu Street ,Reyhanlı ,Hatay ,5979
Perry ,Ap #168-938 Massa. St. ,Watson Lake ,YK ,1199
Emma ,Ap #193-7629 Vestibulum. Avenue ,Belfast ,U ,3858
Lilah ,791-6026 Non, Ave ,Purral ,San José ,6212
Justin ,483-2959 Venenatis Rd. ,Vienna ,Wie ,5191
Hu ,P.O. Box 552, 3491 Egestas Rd. ,Ohain ,WB ,8946
Colorado ,2997 Varius Ave ,Siedlce ,MA ,8529
Lewis ,P.O. Box 655, 9921 Et Av. ,Heerhugowaard ,Noord Holland ,9516
Malachi ,3175 Neque Av. ,Istanbul ,Istanbul ,9978
Elliott ,Ap #242-9772 Nec Road ,Rio de Janeiro ,RJ ,5373
Chester ,P.O. Box 963, 447 Velit Rd. ,Ghislarengo ,Piemonte ,2552
Oren ,P.O. Box 170, 7766 Felis Street ,Welland ,Ontario ,3692
Hunter ,Ap #502-1446 Consectetuer, Rd. ,Motala ,Östergötlands län ,9120
Justin ,4965 Nec Rd. ,Lublin ,LU ,5831
Casey ,P.O. Box 275, 8062 Quam. Rd. ,Gjoa Haven ,Nunavut ,8331
Aline ,Ap #459-400 Id, Rd. ,Vertou ,PA ,7346
Ivana ,317-1759 Quis, Ave ,Ilhéus ,Bahia ,8710
Carissa ,516 Quis, Avenue ,Bevel ,Antwerpen ,1407
Emma ,302 Natoque St. ,Płock ,MA ,1482